{"frames": {

"Player.png":
{
	"frame": {"x":2,"y":2,"w":640,"h":400},
	"rotated": false,
	"trimmed": false,
	"spriteSourceSize": {"x":0,"y":0,"w":640,"h":400},
	"sourceSize": {"w":640,"h":400}
},
"Player2.png":
{
	"frame": {"x":644,"y":2,"w":640,"h":400},
	"rotated": false,
	"trimmed": false,
	"spriteSourceSize": {"x":0,"y":0,"w":640,"h":400},
	"sourceSize": {"w":640,"h":400}
},
"Player3.png":
{
	"frame": {"x":2,"y":404,"w":640,"h":400},
	"rotated": false,
	"trimmed": false,
	"spriteSourceSize": {"x":0,"y":0,"w":640,"h":400},
	"sourceSize": {"w":640,"h":400}
},
"Player4.png":
{
	"frame": {"x":644,"y":404,"w":640,"h":400},
	"rotated": false,
	"trimmed": false,
	"spriteSourceSize": {"x":0,"y":0,"w":640,"h":400},
	"sourceSize": {"w":640,"h":400}
}},
"meta": {
	"app": "http://www.codeandweb.com/texturepacker ",
	"version": "1.0",
	"image": "playerspriteatlas.png",
	"format": "RGBA8888",
	"size": {"w":1286,"h":806},
	"scale": "1",
	"smartupdate": "$TexturePacker:SmartUpdate:2355a9b55ad577dd08aa4bf499e4a99b$"
}
}
